{
    "startLogs": {
        "id": "1057945530816282624",
        "token": "mCxWc0lHAYNlCtSD7EwVFNtnhm3WVXXRX-x9Qo1EWZFaCGYlcl_NTihxnR_KTTRzlo15"
    },
    "shardLogs": {
        "id": "1057945530816282624",
        "token": "mCxWc0lHAYNlCtSD7EwVFNtnhm3WVXXRX-x9Qo1EWZFaCGYlcl_NTihxnR_KTTRzlo15"
    },
    "errorLogs": {
        "id": "1057945530816282624",
        "token": "mCxWc0lHAYNlCtSD7EwVFNtnhm3WVXXRX-x9Qo1EWZFaCGYlcl_NTihxnR_KTTRzlo15"
    },
    "dmLogs": {
        "id": "1057945530816282624",
        "token": "mCxWc0lHAYNlCtSD7EwVFNtnhm3WVXXRX-x9Qo1EWZFaCGYlcl_NTihxnR_KTTRzlo15"
    },
    "voiceLogs": {
        "id": "1057945530816282624",
        "token": "mCxWc0lHAYNlCtSD7EwVFNtnhm3WVXXRX-x9Qo1EWZFaCGYlcl_NTihxnR_KTTRzlo15"
    },
    "serverLogs": {
        "id": "1057945530816282624",
        "token": "mCxWc0lHAYNlCtSD7EwVFNtnhm3WVXXRX-x9Qo1EWZFaCGYlcl_NTihxnR_KTTRzlo15"
    },
    "serverLogs2": {
        "id": "1057945530816282624",
        "token": "mCxWc0lHAYNlCtSD7EwVFNtnhm3WVXXRX-x9Qo1EWZFaCGYlcl_NTihxnR_KTTRzlo15"
    },
    "commandLogs": {
        "id": "1057945530816282624",
        "token": "mCxWc0lHAYNlCtSD7EwVFNtnhm3WVXXRX-x9Qo1EWZFaCGYlcl_NTihxnR_KTTRzlo15"
    },
    "consoleLogs": {
        "id": "1057945530816282624",
        "token": "mCxWc0lHAYNlCtSD7EwVFNtnhm3WVXXRX-x9Qo1EWZFaCGYlcl_NTihxnR_KTTRzlo15"
    },
    "warnLogs": {
        "id": "1057945530816282624",
        "token": "mCxWc0lHAYNlCtSD7EwVFNtnhm3WVXXRX-x9Qo1EWZFaCGYlcl_NTihxnR_KTTRzlo15"
    },
    "voiceErrorLogs": {
        "id": "1057945530816282624",
        "token": "mCxWc0lHAYNlCtSD7EwVFNtnhm3WVXXRX-x9Qo1EWZFaCGYlcl_NTihxnR_KTTRzlo15"
    },
    "creditLogs": {
        "id": "1057945530816282624",
        "token": "mCxWc0lHAYNlCtSD7EwVFNtnhm3WVXXRX-x9Qo1EWZFaCGYlcl_NTihxnR_KTTRzlo15"
    },
    "evalLogs": {
        "id": "1057945530816282624",
        "token": "mCxWc0lHAYNlCtSD7EwVFNtnhm3WVXXRX-x9Qo1EWZFaCGYlcl_NTihxnR_KTTRzlo15"
    },
    "interactionLogs": {
        "id": "1057945530816282624",
        "token": "mCxWc0lHAYNlCtSD7EwVFNtnhm3WVXXRX-x9Qo1EWZFaCGYlcl_NTihxnR_KTTRzlo15"
    }
}